{"radius":30.08769525897506,"widthWave":22.31488078925733,"speedWave":41.0838585913949,"ageMaxWave":5.405042477391066}