{"radius":29.649218964099756,"widthWave":12.142230748150178,"speedWave":60,"ageMaxWave":1.0372978898328309}