{"speedWave":43.01178405042477,"radiusPulse":0.3195121951219512,"freqPulse":4,"nbPulses":1}